{
  "team": "anatissera",
  "n_episodes": 1000,
  "mean": -97.648,
  "mean_ci95": [
    -98.114,
    -97.173
  ],
  "std": 7.535840025165402,
  "iqm": -100.23938879456706,
  "iqm_ci95": [
    -101.067,
    -99.687
  ],
  "min": -107.0,
  "max": -83.0
}