{
  "team": "anatissera",
  "n_episodes": 100,
  "mean": -98.03,
  "mean_ci95": [
    -99.44,
    -96.63
  ],
  "std": 7.3367140967447915,
  "iqm": -100.76785714285714,
  "iqm_ci95": [
    -102.493,
    -98.524
  ],
  "min": -107.0,
  "max": -83.0
}