{
  "team": "anatissera",
  "n_episodes": 1000,
  "mean": -97.598,
  "mean_ci95": [
    -98.055,
    -97.132
  ],
  "std": 7.374739506096658,
  "iqm": -100.54489164086688,
  "iqm_ci95": [
    -101.304,
    -99.983
  ],
  "min": -104.0,
  "max": -83.0
}