{
  "team": "anatissera",
  "n_episodes": 100,
  "mean": -97.61,
  "mean_ci95": [
    -99.02,
    -96.17
  ],
  "std": 7.475069676375376,
  "iqm": -100.63934426229508,
  "iqm_ci95": [
    -102.034,
    -98.687
  ],
  "min": -107.0,
  "max": -83.0
}