{
  "team": "anatissera",
  "n_episodes": 30,
  "mean": -99.36666666666666,
  "mean_ci95": [
    -101.433,
    -97.1
  ],
  "std": 6.093995537346201,
  "iqm": -100.72727272727273,
  "iqm_ci95": [
    -103.45,
    -97.556
  ],
  "min": -106.0,
  "max": -87.0
}