{
  "team": "anatissera",
  "n_episodes": 1000,
  "mean": -97.506,
  "mean_ci95": [
    -97.963,
    -97.037
  ],
  "std": 7.386780660648354,
  "iqm": -100.5352323838081,
  "iqm_ci95": [
    -101.282,
    -100.037
  ],
  "min": -104.0,
  "max": -83.0
}