{
  "team": "anatissera",
  "n_episodes": 100,
  "mean": -97.15,
  "mean_ci95": [
    -98.59,
    -95.64
  ],
  "std": 7.66650197451566,
  "iqm": -99.96666666666667,
  "iqm_ci95": [
    -101.661,
    -97.861
  ],
  "min": -106.0,
  "max": -83.0
}