{
  "team": "anatissera",
  "n_episodes": 100,
  "mean": -98.44,
  "mean_ci95": [
    -99.81,
    -97.06
  ],
  "std": 7.094342603067388,
  "iqm": -101.35714285714286,
  "iqm_ci95": [
    -102.69,
    -98.913
  ],
  "min": -107.0,
  "max": -83.0
}