{
  "team": "anatissera",
  "n_episodes": 100,
  "mean": -97.79,
  "mean_ci95": [
    -99.24,
    -96.28
  ],
  "std": 7.458023948213172,
  "iqm": -101.05084745762711,
  "iqm_ci95": [
    -102.286,
    -98.667
  ],
  "min": -106.0,
  "max": -83.0
}