{
  "team": "anatissera",
  "n_episodes": 100,
  "mean": -97.21,
  "mean_ci95": [
    -98.68,
    -95.71
  ],
  "std": 7.794448944180361,
  "iqm": -99.95454545454545,
  "iqm_ci95": [
    -102.031,
    -98.059
  ],
  "min": -107.0,
  "max": -83.0
}