{
  "team": "gabo",
  "n_episodes": 1000,
  "mean": -97.483,
  "mean_ci95": [
    -97.94,
    -97.018
  ],
  "std": 7.360971056517944,
  "iqm": -100.81906077348066,
  "iqm_ci95": [
    -101.507,
    -100.326
  ],
  "min": -104.0,
  "max": -83.0
}