{
  "team": "gabo",
  "n_episodes": 1000,
  "mean": -97.436,
  "mean_ci95": [
    -97.895,
    -96.972
  ],
  "std": 7.366149887435373,
  "iqm": -100.75414364640883,
  "iqm_ci95": [
    -101.43,
    -100.268
  ],
  "min": -104.0,
  "max": -83.0
}