{
  "team": "gabo",
  "n_episodes": 1000,
  "mean": -98.929,
  "mean_ci95": [
    -99.4,
    -98.446
  ],
  "std": 7.668034804156653,
  "iqm": -102.40779220779221,
  "iqm_ci95": [
    -103.177,
    -102.076
  ],
  "min": -138.0,
  "max": -84.0
}