{
  "team": "gabo",
  "n_episodes": 1000,
  "mean": -97.409,
  "mean_ci95": [
    -97.867,
    -96.941
  ],
  "std": 7.359611598643157,
  "iqm": -100.7196132596685,
  "iqm_ci95": [
    -101.395,
    -100.229
  ],
  "min": -104.0,
  "max": -83.0
}