{
  "team": "gabo",
  "n_episodes": 1000,
  "mean": -97.459,
  "mean_ci95": [
    -97.916,
    -96.994
  ],
  "std": 7.365634498912607,
  "iqm": -100.78591160220995,
  "iqm_ci95": [
    -101.476,
    -100.269
  ],
  "min": -104.0,
  "max": -83.0
}