{
  "team": "lluquematerazzi",
  "n_episodes": 1000,
  "mean": -98.792,
  "mean_ci95": [
    -99.302,
    -98.278
  ],
  "std": 8.17273084895921,
  "iqm": -102.57554945054945,
  "iqm_ci95": [
    -103.126,
    -101.978
  ],
  "min": -110.0,
  "max": -83.0
}