{
  "team": "nromero",
  "n_episodes": 100,
  "mean": -97.68,
  "mean_ci95": [
    -99.11,
    -96.18
  ],
  "std": 7.355174087578475,
  "iqm": -101.34782608695652,
  "iqm_ci95": [
    -102.4,
    -99.231
  ],
  "min": -104.0,
  "max": -83.0
}