{
  "team": "nromero",
  "n_episodes": 100,
  "mean": -98.18,
  "mean_ci95": [
    -99.72,
    -96.6
  ],
  "std": 7.952358140828418,
  "iqm": -100.86792452830188,
  "iqm_ci95": [
    -102.6,
    -98.586
  ],
  "min": -120.0,
  "max": -83.0
}