{
  "team": "nromero",
  "n_episodes": 30,
  "mean": -99.06666666666666,
  "mean_ci95": [
    -101.067,
    -96.833
  ],
  "std": 5.883544166063767,
  "iqm": -100.29411764705883,
  "iqm_ci95": [
    -103.455,
    -97.631
  ],
  "min": -104.0,
  "max": -87.0
}