{
  "team": "nromero",
  "n_episodes": 1000,
  "mean": -97.518,
  "mean_ci95": [
    -97.975,
    -97.053
  ],
  "std": 7.37631927766729,
  "iqm": -100.97125567322239,
  "iqm_ci95": [
    -101.361,
    -100.148
  ],
  "min": -104.0,
  "max": -83.0
}