{
  "team": "nromero",
  "n_episodes": 100,
  "mean": -98.24,
  "mean_ci95": [
    -99.81,
    -96.69
  ],
  "std": 8.120456771747397,
  "iqm": -100.56603773584905,
  "iqm_ci95": [
    -102.662,
    -98.296
  ],
  "min": -118.0,
  "max": -83.0
}