{
  "team": "nromero",
  "n_episodes": 1000,
  "mean": -97.473,
  "mean_ci95": [
    -97.93,
    -97.009
  ],
  "std": 7.358220872902255,
  "iqm": -100.70670391061452,
  "iqm_ci95": [
    -101.42,
    -100.227
  ],
  "min": -105.0,
  "max": -83.0
}