{
  "team": "nromero",
  "n_episodes": 100,
  "mean": -98.8,
  "mean_ci95": [
    -100.42,
    -97.17
  ],
  "std": 8.431542509583231,
  "iqm": -101.68115942028986,
  "iqm_ci95": [
    -103.028,
    -98.655
  ],
  "min": -127.0,
  "max": -83.0
}