{
  "team": "nromero",
  "n_episodes": 100,
  "mean": -99.07,
  "mean_ci95": [
    -101.79,
    -96.8
  ],
  "std": 12.747948933856065,
  "iqm": -99.77358490566037,
  "iqm_ci95": [
    -102.118,
    -97.507
  ],
  "min": -176.0,
  "max": -83.0
}