{
  "team": "nromero",
  "n_episodes": 1000,
  "mean": -97.408,
  "mean_ci95": [
    -97.866,
    -96.94
  ],
  "std": 7.359327122481762,
  "iqm": -100.7182320441989,
  "iqm_ci95": [
    -101.395,
    -100.227
  ],
  "min": -104.0,
  "max": -83.0
}