{
  "team": "nromero",
  "n_episodes": 100,
  "mean": -100.68,
  "mean_ci95": [
    -103.74,
    -98.14
  ],
  "std": 14.476647862448452,
  "iqm": -101.91428571428571,
  "iqm_ci95": [
    -103.174,
    -98.797
  ],
  "min": -183.0,
  "max": -83.0
}