{
  "team": "nromero",
  "n_episodes": 1000,
  "mean": -97.489,
  "mean_ci95": [
    -97.947,
    -97.02
  ],
  "std": 7.389620117806157,
  "iqm": -100.62536443148689,
  "iqm_ci95": [
    -101.361,
    -100.141
  ],
  "min": -104.0,
  "max": -83.0
}