{
  "team": "nromero",
  "n_episodes": 1000,
  "mean": -97.455,
  "mean_ci95": [
    -97.913,
    -96.99
  ],
  "std": 7.351463733095541,
  "iqm": -101.04052098408104,
  "iqm_ci95": [
    -101.408,
    -100.265
  ],
  "min": -104.0,
  "max": -83.0
}