{
  "team": "nromero",
  "n_episodes": 100,
  "mean": -98.28,
  "mean_ci95": [
    -100.8,
    -96.25
  ],
  "std": 11.7310603859062,
  "iqm": -99.80645161290323,
  "iqm_ci95": [
    -102.017,
    -97.97
  ],
  "min": -182.0,
  "max": -83.0
}