{
  "team": "profe",
  "n_episodes": 10,
  "mean": -97.3,
  "std": 7.318925239860472,
  "iqm": -101.57142857142857,
  "iqm_ci95": [
    -103.0,
    -90.167
  ],
  "min": -103.0,
  "max": -85.0
}