{
  "team": "profe",
  "n_episodes": 30,
  "mean": -99.1,
  "mean_ci95": [
    -101.067,
    -96.9
  ],
  "std": 5.8271066931877185,
  "iqm": -100.29411764705883,
  "iqm_ci95": [
    -103.435,
    -97.5
  ],
  "min": -104.0,
  "max": -87.0
}