{
  "team": "profe",
  "n_episodes": 10,
  "mean": -97.4,
  "std": 7.545418035691153,
  "iqm": -101.85714285714286,
  "iqm_ci95": [
    -103.0,
    -90.333
  ],
  "min": -103.0,
  "max": -84.0
}