{
  "team": "profe",
  "n_episodes": 30,
  "mean": -99.06666666666666,
  "std": 5.735150741086802,
  "iqm": -101.66666666666667,
  "iqm_ci95": [
    -103.0,
    -98.35
  ],
  "min": -104.0,
  "max": -87.0
}