{
  "team": "profe",
  "n_episodes": 10,
  "mean": -97.3,
  "std": 7.557924465236619,
  "iqm": -101.71428571428571,
  "iqm_ci95": [
    -103.0,
    -90.333
  ],
  "min": -103.0,
  "max": -84.0
}