{
  "team": "profe",
  "n_episodes": 30,
  "mean": -99.03333333333333,
  "mean_ci95": [
    -101.0,
    -96.8
  ],
  "std": 5.857405176552057,
  "iqm": -100.44444444444444,
  "iqm_ci95": [
    -103.364,
    -97.778
  ],
  "min": -104.0,
  "max": -87.0
}