{
  "team": "sb3zoo",
  "n_episodes": 1000,
  "mean": -99.114,
  "mean_ci95": [
    -99.611,
    -98.61
  ],
  "std": 8.064740792117503,
  "iqm": -101.94296577946768,
  "iqm_ci95": [
    -102.494,
    -100.891
  ],
  "min": -108.0,
  "max": -84.0
}